date,open,high,low,volume,close,direction,day,week
03-01-2007,231.494354,236.789917,229.065155,15513200,232.28421,0,Wednesday,1
08-01-2007,242.269272,243.352234,239.542007,9570600,240.227554,0,Monday,2
16-01-2007,252.135101,254.842499,250.023834,15236200,250.510666,0,Tuesday,3
22-01-2007,244.658737,244.733246,237.703964,10878900,238.866409,0,Monday,4
29-01-2007,247.390961,247.763535,243.665192,9613400,244.643829,0,Monday,5
05-02-2007,237.207199,237.455582,231.588745,14507500,232.070602,0,Monday,6
12-02-2007,228.851547,229.701019,226.039825,11583800,227.664261,0,Monday,7
20-02-2007,232.721375,234.847549,230.853516,8188000,234.524643,1,Tuesday,8
26-02-2007,234.887283,236.089462,230.376617,7991400,230.962814,0,Monday,9
05-03-2007,217.097992,221.310593,217.088058,12792800,219.050293,1,Monday,10
12-03-2007,224.822739,226.154083,224.097458,6975800,225.905701,1,Monday,11
19-03-2007,220.192856,222.800888,218.891327,10462800,222.169998,1,Monday,12
26-03-2007,228.786957,230.997589,226.337891,9481800,230.997589,1,Monday,13
02-04-2007,227.40097,227.783493,224.599197,6941700,227.783493,1,Monday,14
09-04-2007,234.961807,234.971741,231.29068,6164000,232.592209,0,Monday,15
16-04-2007,232.7164,236.953842,232.562408,10221800,235.602631,1,Monday,16
23-04-2007,238.498795,240.932968,237.584747,11422900,237.992096,0,Monday,17
30-04-2007,238.026871,239.119751,234.166977,7329700,234.166977,0,Monday,18
07-05-2007,234.54451,234.882324,231.727829,6079300,232.125244,0,Monday,19
14-05-2007,231.236038,232.244476,228.513733,7795600,229.39798,0,Monday,20
21-05-2007,233.24794,238.051697,231.85202,12398600,233.779495,1,Monday,21
29-05-2007,240.932968,244.310989,240.436188,10503800,241.98114,1,Tuesday,22
04-06-2007,247.346252,253.605545,247.187286,14294300,251.896652,1,Monday,23
11-06-2007,255.349197,257.450531,253.352188,9355700,254.017853,0,Monday,24
18-06-2007,251.454529,256.332794,250.490799,9734600,255.935394,1,Monday,25
25-06-2007,262.780853,265.766449,259.998962,15953000,262.00589,1,Monday,26
02-07-2007,261.04715,264.206604,260.406311,7020400,263.476349,1,Monday,27
09-07-2007,269.745575,272.597015,268.38443,7508100,269.526978,1,Monday,28
16-07-2007,273.371979,277.485229,272.880188,13284700,274.708282,1,Monday,29
23-07-2007,257.828064,258.319885,254.420242,12796000,254.599075,0,Monday,30
30-07-2007,254.80275,257.992004,253.600571,7978000,256.387451,1,Monday,31
06-08-2007,249.874802,253.426697,249.626419,7350400,253.352188,1,Monday,32
13-08-2007,258.09137,258.195679,254.857391,6399800,256.084412,0,Monday,33
20-08-2007,249.606552,249.656219,246.397415,5429600,247.351212,0,Monday,34
27-08-2007,255.552872,257.053131,254.047668,4680300,254.971649,0,Monday,35
04-09-2007,255.845963,262.294037,255.647263,7435400,260.878235,1,Tuesday,36
10-09-2007,258.95575,259.348175,253.789352,6493500,255.577713,0,Monday,37
17-09-2007,261.563782,262.929901,260.341736,4423400,260.952759,0,Monday,38
24-09-2007,278.687408,283.883606,278.190643,10662800,282.174713,1,Monday,39
01-10-2007,283.143433,290.286957,282.9646,9483800,289.392792,1,Monday,40
08-10-2007,295.577545,303.158234,295.055939,10121300,302.840302,1,Monday,41
15-10-2007,317.172089,317.86261,305.786163,13977800,308.051422,0,Monday,42
22-10-2007,317.271454,325.383698,316.084167,13415400,323.27243,1,Monday,43
29-10-2007,336.695129,337.802917,333.873474,6172400,337.42041,1,Monday,44
05-11-2007,351.210724,362.755615,350.753693,17882900,360.480408,1,Monday,45
12-11-2007,326.744843,332.800446,311.081726,20587600,313.992767,0,Monday,46
19-11-2007,312.760803,316.327606,307.251617,11126600,310.902863,0,Monday,47
26-11-2007,337.902283,344.459625,330.351379,13668400,330.848145,0,Monday,48
03-12-2007,343.272339,345.254456,338.369232,8706300,338.562988,0,Monday,49
10-12-2007,355.681641,360.058167,354.693054,7762500,356.888794,1,Monday,50
17-12-2007,341.777069,345.463104,329.690674,11043200,332.452728,0,Monday,51
24-12-2007,345.249481,348.100952,344.29071,3277900,348.100952,1,Monday,52
31-12-2007,347.027924,348.97525,343.058746,4783200,343.505829,0,Monday,53
02-01-2008,344.19632,346.431793,336.675262,8669700,340.381134,0,Wednesday,1
08-01-2008,324.390167,327.847656,313.461243,10747500,313.799042,0,Tuesday,2
15-01-2008,320.863098,322.427917,315.637085,11208800,316.76474,0,Tuesday,3
22-01-2008,279.199066,296.819489,278.786774,19126600,290.286957,0,Tuesday,4
29-01-2008,278.424133,278.851349,268.588104,12647600,273.481262,0,Tuesday,5
05-02-2008,243.133652,252.855423,242.681595,22552200,251.762527,1,Tuesday,6
12-02-2008,260.003937,263.585632,254.857391,13411200,257.371063,0,Tuesday,7
19-02-2008,265.741608,265.801208,251.613495,12783400,252.830582,0,Tuesday,8
26-02-2008,229.109863,231.727829,221.981232,46877300,230.5952,0,Tuesday,9
04-03-2008,224.017975,225.215195,216.481995,27420500,220.863495,0,Tuesday,10
11-03-2008,211.255981,218.652878,210.952957,17768500,218.498871,1,Tuesday,11
18-03-2008,213.103958,218.995651,211.390106,14568400,218.161072,1,Tuesday,12
25-03-2008,227.251938,227.256912,221.558975,11738900,223.933533,0,Tuesday,13
01-04-2008,222.423355,231.742737,221.991165,12265300,231.350296,1,Tuesday,14
08-04-2008,234.991608,235.538055,229.512238,9153000,232.393509,0,Tuesday,15
15-04-2008,227.584778,228.374649,220.426346,9214600,221.976257,0,Tuesday,16
22-04-2008,267.048096,278.602966,267.043152,15980200,275.706787,1,Tuesday,17
29-04-2008,273.635254,279.879639,273.227905,8748400,277.430573,1,Tuesday,18
06-05-2008,293.590485,294.08725,289.616333,9318700,291.285461,0,Tuesday,19
13-05-2008,291.220886,292.075317,287.405701,10394100,289.616333,0,Tuesday,20
20-05-2008,285.458374,289.358002,284.603912,6670300,287.430542,1,Tuesday,21
27-05-2008,270.719238,279.482239,270.167816,7781200,278.637726,1,Tuesday,22
03-06-2008,286.387329,288.37439,278.493652,8666500,281.817047,0,Tuesday,23
10-06-2008,273.004364,277.604462,271.623352,7362400,275.294464,0,Tuesday,24
17-06-2008,286.312805,287.167267,282.353577,6970800,282.890076,0,Tuesday,25
24-06-2008,270.808655,273.814117,265.821075,9405900,269.397827,0,Tuesday,26
01-07-2008,258.111237,266.625854,256.829559,9984200,265.637299,1,Tuesday,27
08-07-2008,271.230896,275.801178,268.255249,9928900,275.473297,1,Tuesday,28
15-07-2008,256.471893,262.045654,248.930939,12220900,256.377502,0,Tuesday,29
22-07-2008,231.85202,238.573303,231.295639,9443900,237.013458,1,Tuesday,30
29-07-2008,238.101379,242.055664,237.455582,5642000,239.994064,1,Tuesday,31
05-08-2008,232.28421,238.488861,231.658279,7215600,238.374603,1,Tuesday,32
12-08-2008,249.378036,251.429688,247.390961,5547200,249.681061,1,Tuesday,33
19-08-2008,243.630417,247.53006,241.742691,6132500,243.665192,0,Tuesday,34
26-08-2008,240.167938,240.167938,233.774521,6659300,235.547989,0,Tuesday,35
02-09-2008,236.844559,239.532074,229.219147,12302400,231.12178,1,Tuesday,36
09-09-2008,210.217743,214.792984,206.159134,14553100,207.97731,0,Tuesday,37
16-09-2008,211.603729,223.18837,211.370239,14072200,220.03389,1,Tuesday,38
23-09-2008,215.225174,218.97081,211.484497,10476100,213.248032,0,Tuesday,39
30-09-2008,196.710587,211.166565,194.89241,6212600,198.965912,1,Tuesday,40
07-10-2008,185.458771,186.278442,171.569107,22252500,171.887039,0,Tuesday,41
14-10-2008,195.4935,195.975372,177.346527,15670700,180.18309,0,Tuesday,42
21-10-2008,184.991806,190.650009,179.830383,11639100,180.202957,0,Tuesday,43
28-10-2008,168.429535,183.461761,163.193588,16316200,183.183563,1,Tuesday,44
04-11-2008,175.578033,184.976898,171.633682,14795200,182.284409,1,Tuesday,45
11-11-2008,153.347626,157.128036,149.289017,20425000,154.723679,0,Tuesday,46
18-11-2008,149.810623,150.883652,141.753036,16800600,147.749039,0,Tuesday,47
25-11-2008,133.471893,142.403793,132.796295,21682500,140.113693,1,Tuesday,48
02-12-2008,133.9935,137.992493,130.441605,11755200,136.666122,1,Tuesday,49
09-12-2008,147.883163,157.972534,147.545364,13869300,151.996414,1,Tuesday,50
16-12-2008,156.24379,163.685379,154.629288,14211000,161.58902,1,Tuesday,51
23-12-2008,149.244308,150.675003,147.376465,7604400,148.047104,1,Tuesday,52
30-12-2008,149.428116,152.413696,148.389862,7736900,150.575653,1,Tuesday,53
02-01-2009,153.302917,159.870193,151.762924,7267900,159.621811,1,Friday,1
08-01-2009,158.111633,161.544312,157.644669,7248100,161.544312,1,Thursday,2
15-01-2009,147.823547,150.809128,142.468384,11946100,148.528961,0,Thursday,3
22-01-2009,148.057037,153.675491,146.621368,16641500,152.259705,1,Thursday,4
29-01-2009,171.156784,171.410141,168.9561,14662200,170.550735,0,Thursday,5
05-02-2009,169.353516,176.541763,167.411148,14623200,175.717133,1,Thursday,6
12-02-2009,175.438934,180.635147,174.60437,11172800,180.35199,1,Thursday,7
19-02-2009,177.580017,178.737488,169.601898,10042200,170.212936,0,Thursday,8
26-02-2009,171.862198,175.10611,167.490631,11284100,167.500565,0,Thursday,9
05-03-2009,157.217453,158.509048,150.342163,13144600,151.832474,0,Thursday,10
12-03-2009,157.744034,161.449921,155.8116,10113500,160.719681,1,Thursday,11
19-03-2009,164.768341,166.914383,162.632233,8275800,163.903961,0,Thursday,12
26-03-2009,175.424042,178.419556,173.123993,12084600,175.503525,1,Thursday,13
02-04-2009,180.48114,183.685303,178.995804,9034200,180.078766,1,Thursday,14
09-04-2009,183.556137,185.965469,181.94165,6809000,185.046448,1,Thursday,15
16-04-2009,189.517365,195.180542,189.278915,20502500,193.113983,1,Thursday,16
23-04-2009,192.50296,193.615723,189.323639,5251900,191.102066,1,Thursday,17
30-04-2009,196.601303,200.57048,196.124405,8768000,196.705612,1,Thursday,18
07-05-2009,200.744354,201.186478,194.981827,6038400,197.023544,0,Thursday,19
14-05-2009,193.143784,194.837769,191.102066,5912100,192.497986,0,Thursday,20
21-05-2009,196.869553,200.118423,195.647507,5474900,196.968903,0,Thursday,21
28-05-2009,203.019547,204.480057,200.997711,5372200,203.873993,1,Thursday,22
04-06-2009,216.243546,219.194351,215.84613,7323400,218.717453,1,Thursday,23
11-06-2009,214.489944,215.463623,212.800934,5767600,213.113907,0,Thursday,24
18-06-2009,206.496933,207.992218,205.165588,6210400,205.692169,0,Thursday,25
25-06-2009,202.184982,206.606232,201.941559,6128500,206.541641,1,Thursday,26
02-07-2009,206.362808,206.362808,202.090591,5067900,202.925171,0,Thursday,27
09-07-2009,201.747818,205.88591,201.588852,6593800,203.869034,1,Thursday,28
16-07-2009,216.929092,221.434784,215.647415,13194200,219.869965,1,Thursday,29
23-07-2009,212.954941,219.179443,211.375214,7001600,217.256958,1,Thursday,30
30-07-2009,219.874924,224.276306,219.874924,6438600,221.380142,1,Thursday,31
06-08-2009,225.682159,225.970276,222.815796,4249200,223.724884,0,Thursday,32
13-08-2009,229.581787,230.85849,227.97226,4016200,229.646378,1,Thursday,33
20-08-2009,224.539581,229.596695,224.157074,8049600,228.717407,1,Thursday,34
27-08-2009,232.776016,232.776016,228.876373,4023600,231.524155,0,Thursday,35
03-09-2009,226.437241,227.644394,226.029892,3313700,227.281754,1,Thursday,36
10-09-2009,231.817245,233.948395,229.507278,5102100,233.948395,1,Thursday,37
17-09-2009,243.699966,247.078003,242.001022,9024400,244.271255,1,Thursday,38
24-09-2009,248.617981,249.084946,244.90712,5087900,246.779938,0,Thursday,39
01-10-2009,244.90712,246.630905,241.926498,5662900,242.025848,0,Thursday,40
08-10-2009,258.106262,259.934387,255.011398,8663500,255.42868,0,Thursday,41
15-10-2009,265.150452,266.715271,261.931396,12280100,263.242859,0,Thursday,42
22-10-2009,273.222961,275.706787,272.229401,4703300,275.25473,1,Thursday,43
29-10-2009,269.750519,274.13205,268.752014,5077900,273.744568,1,Thursday,44
05-11-2009,269.988983,273.108704,269.57666,3719300,272.552307,1,Thursday,45
12-11-2009,282.939758,284.598969,280.922882,3797000,282.090271,0,Thursday,46
19-11-2009,285.031158,285.145416,283.158325,4364100,284.643677,0,Thursday,47
27-11-2009,284.151855,289.348083,283.640198,2787100,288.006805,0,Friday,48
03-12-2009,292.616821,293.814026,290.609863,2875900,290.977478,0,Thursday,49
10-12-2009,293.312286,295.433502,293.297394,3358200,293.838867,1,Thursday,50
17-12-2009,296.292908,296.889038,294.961548,5311800,295.050964,0,Thursday,51
24-12-2009,304.484619,307.758331,304.156738,1728500,307.241699,1,Thursday,52
31-12-2009,310.356445,310.679321,307.986847,2455400,307.986847,0,Thursday,53
04-01-2010,311.44931,312.721039,310.103088,3937800,311.349976,1,Monday,1
08-01-2010,294.08725,299.675903,292.651581,9509900,299.06488,1,Friday,2
15-01-2010,294.75293,294.862213,287.152344,10939600,288.126007,0,Friday,3
22-01-2010,280.426086,283.45639,265.701874,13689200,273.227905,0,Friday,4
29-01-2010,267.505127,268.74707,261.10675,8334700,263.257751,0,Friday,5
05-02-2010,262.492737,265.026245,259.541931,6353000,263.928406,1,Friday,6
12-02-2010,264.76297,266.839478,263.53595,4589000,264.837494,0,Friday,7
19-02-2010,268.518555,270.257233,268.106232,5139400,268.632813,0,Friday,8
26-02-2010,262.00589,264.156921,260.048645,4125100,261.697906,1,Friday,9
05-03-2010,278.861267,282.000854,278.140961,7875300,280.282043,1,Friday,10
12-03-2010,292.169708,292.239258,287.70874,5542600,287.897491,0,Friday,11
19-03-2010,278.190643,282.164795,276.839417,9650600,278.190643,0,Friday,12
26-03-2010,280.808624,281.861755,278.200562,5427400,279.526947,0,Friday,13
05-04-2010,283.605408,285.58255,282.66156,3827700,283.660065,1,Monday,14
09-04-2010,281.911438,282.547302,280.177704,4139900,281.280548,0,Friday,15
16-04-2010,279.680939,282.567169,273.039154,24630000,273.297455,0,Friday,16
23-04-2010,271.856842,272.885132,269.382935,4205800,270.734131,0,Friday,17
30-04-2010,263.848907,267.102753,261.022308,4902300,261.151459,0,Friday,18
07-05-2010,248.369598,251.027313,239.109818,10244000,244.976669,0,Friday,19
14-05-2010,253.23793,253.843994,246.521622,8285500,252.125168,0,Friday,20
21-05-2010,233.014465,240.932968,230.699524,19507500,234.499802,0,Friday,21
28-05-2010,244.777954,245.130661,239.939423,5827200,241.245926,0,Friday,22
04-06-2010,248.245407,252.979614,246.745163,7891500,247.748627,0,Friday,23
11-06-2010,239.69104,242.77597,239.253891,3586400,242.671661,1,Friday,24
18-06-2010,249.631393,250.108292,247.455536,5783000,248.399399,0,Friday,25
25-06-2010,236.988617,237.281708,233.759613,4519500,234.812775,0,Friday,26
02-07-2010,219.383118,219.710999,216.591278,3897100,216.864502,0,Friday,27
09-07-2010,234.455093,235.100891,229.89476,8719300,232.234543,1,Friday,28
16-07-2010,233.044266,233.759613,228.275284,15751300,228.319992,0,Friday,29
23-07-2010,238.831635,243.7099,238.454086,4558200,243.446609,1,Friday,30
30-07-2010,238.275253,242.105331,238.021896,4315900,240.858444,0,Friday,31
06-08-2010,251.067047,251.235947,246.422256,6682100,248.49379,0,Friday,32
13-08-2010,242.920044,244.007965,241.434692,3894500,241.603607,0,Friday,33
20-08-2010,232.472992,234.271286,229.020447,7886100,229.517212,0,Friday,34
27-08-2010,224.81778,228.508774,222.378647,4654800,227.932526,1,Friday,35
03-09-2010,233.739746,234.415359,232.209702,5113700,233.630463,1,Friday,36
10-09-2010,237.96228,238.344803,236.00502,3974200,236.531586,0,Friday,37
17-09-2010,240.311996,244.012924,239.035309,11356500,243.491318,1,Friday,38
24-09-2010,259.184265,262.209564,257.455505,6757400,261.941315,1,Friday,39
01-10-2010,263.287567,263.595551,259.810181,4478900,261.111725,0,Friday,40
08-10-2010,264.663605,267.063019,262.105255,5755600,266.442047,1,Friday,41
15-10-2010,297.698761,298.876099,293.88855,29842300,298.781708,1,Friday,42
22-10-2010,303.98288,305.423523,303.053925,4541500,304.285919,1,Friday,43
29-10-2010,306.54126,307.5,304.514435,4586200,304.867126,0,Friday,44
05-11-2010,309.576508,310.72403,308.548187,3554300,310.520355,1,Friday,45
12-11-2010,305.0112,306.456787,298.662476,6830000,299.69577,0,Friday,46
19-11-2010,296.571106,297.013214,293.262604,4624800,293.506012,0,Friday,47
26-11-2010,293.322235,294.574066,291.603394,2639200,293.093719,0,Friday,48
03-12-2010,282.885101,286.37738,282.164795,5296500,284.648621,1,Friday,49
10-12-2010,294.653564,295.075806,293.237762,3431500,294.191559,1,Friday,50
17-12-2010,293.590485,294.365448,291.936249,6214200,293.491119,0,Friday,51
27-12-2010,299.422546,299.939178,297.813019,2431900,299.243713,0,Monday,52
31-12-2010,296.441925,297.276489,294.102142,3098500,295.065887,0,Friday,53
03-01-2011,296.312775,300.838348,296.312775,4761100,300.222351,1,Monday,1
10-01-2011,305.413574,305.706665,302.313751,3178800,305.120483,0,Monday,2
18-01-2011,311.007202,318.920715,310.614746,7280900,317.748352,1,Tuesday,3
24-01-2011,301.82193,304.266052,298.672424,9258000,303.565613,0,Monday,4
31-01-2011,299.849762,300.281952,295.850769,5646300,298.240234,0,Monday,5
07-02-2011,303.108582,307.196991,302.636627,3622400,305.160217,1,Monday,6
14-02-2011,309.655975,312.785645,308.016663,4283500,312.045441,1,Monday,7
22-02-2011,308.011688,310.445862,301.921295,7327100,303.133423,0,Tuesday,8
28-02-2011,303.029083,306.253113,302.040527,4592600,304.718109,1,Monday,9
07-03-2011,298.334625,299.89447,291.603394,6970400,293.918335,0,Monday,10
14-03-2011,284.549286,287.27655,282.174713,5668700,283.153351,0,Monday,11
21-03-2011,283.267609,288.026672,282.671509,6081000,286.387329,1,Monday,12
28-03-2011,289.154327,290.604889,285.498108,4465500,285.821014,0,Monday,13
04-04-2011,294.584015,295.448395,289.666016,4135600,291.941193,0,Monday,14
11-04-2011,286.238281,287.182159,284.648621,3740500,286.819519,0,Monday,15
18-04-2011,261.509125,262.125122,257.82312,10145100,261.717773,0,Monday,16
25-04-2011,260.927917,261.797272,259.31839,3282700,260.828552,0,Monday,17
02-05-2011,271.086853,271.101746,266.824554,4295100,267.539917,0,Monday,18
09-05-2011,265.771423,267.505127,263.834015,3922600,267.102753,1,Monday,19
16-05-2011,261.454498,261.931396,256.531525,5954800,257.534973,0,Monday,20
23-05-2011,256.630859,258.319885,255.041199,4629800,257.520081,0,Monday,21
31-05-2011,260.803711,262.815643,260.058563,5409400,262.80072,1,Tuesday,22
06-06-2011,260.07843,261.707855,257.947296,3909300,258.846466,0,Monday,23
13-06-2011,253.352188,253.451538,249.462494,4886100,250.734222,0,Monday,24
20-06-2011,240.932968,241.543991,238.066605,6096500,240.724319,0,Monday,25
27-06-2011,235.468506,242.621979,235.269791,6934100,239.840073,1,Monday,26
05-07-2011,260.952759,265.970123,260.952759,7748300,264.499695,1,Tuesday,27
11-07-2011,262.383453,266.25824,261.052094,5715400,261.936371,0,Monday,28
18-07-2011,294.330658,299.079773,294.08725,8994600,295.54776,0,Monday,29
25-07-2011,304.698242,310.684296,304.519409,6303900,307.490082,1,Monday,30
01-08-2011,303.635132,305.761322,297.654053,7983700,301.42453,1,Monday,31
08-08-2011,279.671021,282.66156,270.416199,15090600,271.245819,0,Monday,32
15-08-2011,274.92688,280.669525,271.260712,14382600,276.814575,0,Monday,33
22-08-2011,250.371567,251.861877,245.667175,9875500,247.475418,1,Monday,34
29-08-2011,265.552826,267.982025,265.056061,4701900,267.798218,1,Monday,35
06-09-2011,253.749603,259.690948,253.600571,5466900,259.402832,0,Tuesday,36
12-09-2011,257.306458,264.276154,257.077942,5375400,263.347168,1,Monday,37
19-09-2011,268.429138,273.173279,265.960175,4968800,271.568695,0,Monday,38
26-09-2011,261.921448,264.743103,254.96669,5302500,264.226471,1,Monday,39
03-10-2011,253.277679,254.345734,245.90065,9006900,246.158966,0,Monday,40
10-10-2011,260.893127,266.998444,259.909546,4674500,266.849396,1,Monday,41
17-10-2011,289.973999,294.002808,287.132477,8068500,289.323242,0,Monday,42
24-10-2011,291.464294,298.046509,291.355011,6898300,296.282959,1,Monday,43
31-10-2011,295.622253,297.90741,293.923309,5148800,294.405182,0,Monday,44
07-11-2011,294.742981,302.423035,294.201508,6758400,302.199493,1,Monday,45
14-11-2011,302.035553,307.042969,301.92627,6418800,304.519409,1,Monday,46
21-11-2011,291.980957,292.348541,284.196564,6041500,288.592987,0,Monday,47
28-11-2011,287.813049,292.507507,286.387329,5694500,292.19455,1,Monday,48
05-12-2011,311.792084,313.908325,309.189026,6436400,310.803528,1,Monday,49
12-12-2011,308.930695,311.066803,308.140839,4396100,310.674377,0,Monday,50
19-12-2011,311.975891,312.219299,307.996765,4314700,308.905853,0,Monday,51
27-12-2011,313.982849,320.162659,313.958008,3233700,318.056335,1,Tuesday,52
03-01-2012,324.360352,331.916199,324.077179,7400800,330.555054,1,Tuesday,1
09-01-2012,321.161163,321.409546,308.607819,11720900,309.218842,0,Monday,2
17-01-2012,313.948059,313.948059,310.81842,3843300,312.259064,1,Tuesday,3
23-01-2012,291.106628,292.42804,289.695801,6870100,290.868195,0,Monday,4
30-01-2012,287.157318,288.126007,284.847351,4691200,286.978485,0,Monday,5
06-02-2012,295.58252,303.441406,295.085754,7407000,302.577026,1,Monday,6
13-02-2012,303.277466,304.936676,303.039032,3656100,304.121979,1,Monday,7
21-02-2012,299.983887,306.943634,299.492096,4993800,305.016174,1,Tuesday,8
27-02-2012,301.335114,304.201477,300.575043,3651300,302.68631,0,Monday,9
05-03-2012,308.210388,309.233734,303.71463,3207200,305.14035,0,Monday,10
12-03-2012,298.061401,301.538788,297.693787,3359600,300.619751,1,Monday,11
19-03-2012,309.546692,316.575989,308.612762,4373800,314.94162,1,Monday,12
26-03-2012,320.416016,322.646484,317.703644,3661900,322.567017,1,Monday,13
02-04-2012,318.314667,321.657928,315.368835,4598000,321.369812,1,Monday,14
09-04-2012,312.209381,315.612244,310.624695,4393600,313.381744,0,Monday,15
16-04-2012,309.487091,309.889465,298.886047,11458100,301.076782,0,Monday,16
23-04-2012,294.534332,297.291412,293.193054,4424000,296.869141,1,Monday,17
30-04-2012,304.514435,306.049438,298.364441,4845900,300.470734,0,Monday,18
07-05-2012,295.577545,303.312256,295.577545,4014800,301.812012,1,Monday,19
14-05-2012,298.448883,302.283936,298.349518,3672500,300.048462,0,Monday,20
21-05-2012,298.314758,305.855713,298.061401,6190800,305.070801,1,Monday,21
29-05-2012,295.97995,297.629211,292.259125,5245300,295.249695,1,Tuesday,22
04-06-2012,283.267609,288.369446,283.1633,4896900,287.425568,1,Monday,23
11-06-2012,290.217407,290.768829,281.514008,5356800,282.413177,0,Monday,24
18-06-2012,279.492188,285.249725,277.818054,5026200,283.580566,1,Monday,25
25-06-2012,281.83194,282.209503,276.874207,3183600,278.538391,0,Monday,26
02-07-2012,289.030151,289.616333,286.387329,3332400,288.359497,1,Monday,27
09-07-2012,290.585022,292.398224,288.746979,3452500,291.111603,1,Monday,28
16-07-2012,286.322754,287.723633,284.042572,2944200,285.602417,0,Monday,29
23-07-2012,298.299835,307.177124,297.192047,7169600,305.766296,1,Monday,30
30-07-2012,315.96991,319.223755,312.716095,4401800,314.107025,0,Monday,31
06-08-2012,317.738403,322.591858,317.544678,3587800,319.333038,1,Monday,32
13-08-2012,321.618195,327.942047,321.25058,6578200,327.872498,1,Monday,33
20-08-2012,335.567444,337.241577,334.156647,3539000,335.587341,0,Monday,34
27-08-2012,329.352875,333.828766,327.48999,5261300,332.447754,0,Monday,35
04-09-2012,340.063202,340.286774,334.573914,3803600,338.31955,0,Tuesday,36
10-09-2012,352.586761,354.101898,346.938507,5153200,348.120819,0,Monday,37
17-09-2012,351.76709,354.136688,350.222137,3036100,352.696045,1,Monday,38
24-09-2012,363.138123,372.596619,362.765564,7173800,372.268738,1,Monday,39
01-10-2012,377.07251,380.02829,375.661682,6377200,378.42868,1,Monday,40
08-10-2012,378.041199,379.322876,374.638336,3942600,376.471405,0,Monday,41
15-10-2012,368.572784,369.511688,362.989105,6077300,368.095886,0,Monday,42
22-10-2012,338.304657,340.102966,332.686188,8163900,337.142212,0,Monday,43
31-10-2012,337.733368,338.299683,335.319061,3093900,337.951935,1,Wednesday,44
05-11-2012,340.038391,341.210754,335.59726,3292900,339.273346,0,Monday,45
12-11-2012,329.730408,332.73587,328.299713,2830000,330.798462,1,Monday,46
19-11-2012,325.731445,332.298706,325.646973,4767200,331.946014,1,Monday,47
26-11-2012,331.066742,331.34491,327.380707,4437900,328.438812,0,Monday,48
03-12-2012,348.851074,350.664276,344.812317,4413400,345.378632,0,Monday,49
10-12-2012,340.480499,343.590271,339.685669,2751100,340.495392,1,Monday,50
17-12-2012,350.47052,358.627472,349.735321,6110100,358.061157,1,Monday,51
24-12-2012,354.946411,355.279236,351.449158,1692600,352.457611,0,Monday,52
31-12-2012,347.738312,352.989136,345.751221,4020600,351.404449,1,Monday,53
02-01-2013,357.385559,361.151062,355.959839,5115500,359.288177,1,Wednesday,1
08-01-2013,365.393463,365.771027,359.874359,3373900,364.280701,0,Tuesday,2
15-01-2013,357.340851,365.125214,353.749207,7906300,360.122742,1,Tuesday,3
22-01-2013,350.053253,350.391052,345.512787,7634000,349.164032,0,Tuesday,4
29-01-2013,370.96225,376.029297,370.857941,3516800,374.404846,1,Tuesday,5
05-02-2013,378.105774,383.063538,377.281158,3765600,380.395905,1,Tuesday,6
12-02-2013,388.349152,391.404297,387.16684,3742100,387.827545,0,Tuesday,7
19-02-2013,395.423157,400.892578,395.070435,5901700,400.818054,1,Tuesday,8
26-02-2013,394.931366,395.40329,389.665588,4433600,392.512085,0,Tuesday,9
05-03-2013,411.786713,417.360474,411.77182,8140700,416.590485,1,Tuesday,10
12-03-2013,412.670959,413.257172,409.173706,4042700,411.130981,0,Tuesday,11
19-03-2013,402.998871,406.977997,400.619354,4223600,403.038635,1,Tuesday,12
26-03-2013,404.121582,404.369965,401.285034,2399200,403.585083,1,Tuesday,13
02-04-2013,399.670532,404.782288,399.402283,4109500,403.893066,1,Tuesday,14
09-04-2013,385.244354,389.342712,384.057068,4342600,386.312408,1,Tuesday,15
16-04-2013,390.75354,395.428131,389.427155,3506500,394.121613,1,Tuesday,16
23-04-2013,397.911957,405.115112,397.594025,4614200,401.339661,1,Tuesday,17
30-04-2013,406.853821,411.145905,406.198059,4643300,409.620819,1,Tuesday,18
07-05-2013,428.716614,429.143829,422.586487,3943400,425.845276,0,Tuesday,19
14-05-2013,435.914795,441.473633,435.735962,3179000,440.683777,1,Tuesday,20
21-05-2013,451.076172,452.88443,445.904816,3991600,450.554565,0,Tuesday,21
28-05-2013,438.895416,443.1875,437.355438,4544300,437.787628,1,Tuesday,22
04-06-2013,431.120972,432.482117,424.275482,3761400,426.774231,0,Tuesday,23
11-06-2013,439.128876,440.634094,436.918274,3538000,437.062317,0,Tuesday,24
18-06-2013,441.453766,447.588867,441.304749,4361900,447.400085,1,Tuesday,25
25-06-2013,435.795563,436.997742,429.461761,5139600,430.3013,0,Tuesday,26
02-07-2013,442.223755,442.621185,435.800537,3807400,438.30426,0,Tuesday,27
09-07-2013,452.556549,453.525269,446.088623,3984400,449.69516,1,Tuesday,28
16-07-2013,460.569427,460.986725,453.997192,3991600,456.83374,0,Tuesday,29
23-07-2013,452.407532,453.550079,446.878479,4117900,448.979828,0,Tuesday,30
30-07-2013,439.86908,444.911285,437.588898,3534000,442.581421,1,Tuesday,31
06-08-2013,449.421936,451.91571,444.970886,3031700,445.388184,0,Tuesday,32
13-08-2013,440.549652,441.379242,435.268982,2858000,437.777679,0,Tuesday,33
20-08-2013,431.369354,433.237213,428.979889,2481900,429.913818,0,Tuesday,34
27-08-2013,427.032562,429.07428,421.210419,3490700,422.328156,0,Tuesday,35
03-09-2013,424.419556,430.296326,424.215881,4121700,427.410095,1,Tuesday,36
10-09-2013,442.134338,443.11795,439.143799,2591800,441.463715,1,Tuesday,37
17-09-2013,440.837769,441.324615,437.653473,2535100,440.191986,0,Tuesday,38
24-09-2013,440.385712,442.174072,437.852203,2992800,440.554626,1,Tuesday,39
01-10-2013,437.280914,440.966949,437.181549,3391400,440.634094,1,Tuesday,40
08-10-2013,429.864136,430.192017,423.063385,3912500,424.076782,0,Tuesday,41
15-10-2013,435.050415,439.953522,434.176117,3204400,438.155212,1,Tuesday,42
22-10-2013,499.252838,503.22699,494.677612,4445900,500.246368,1,Tuesday,43
29-10-2013,506.257294,515.119629,503.475372,3230800,514.771912,1,Tuesday,44
05-11-2013,506.878235,512.49176,505.422699,2378000,507.459473,0,Tuesday,45
12-11-2013,500.594116,505.492249,499.252838,2451900,502.620941,1,Tuesday,46
19-11-2013,512.526489,514.031738,508.219513,2277800,509.287567,0,Tuesday,47
26-11-2013,520.911987,527.320313,518.100281,4602200,525.785278,1,Tuesday,48
03-12-2013,522.079407,528.283997,521.120605,3373900,523.226929,0,Tuesday,49
10-12-2013,534.597961,542.625732,534.349548,3731800,538.825439,1,Tuesday,50
17-12-2013,532.943726,536.888062,530.738037,3091300,531.473267,0,Tuesday,51
24-12-2013,553.882507,554.016663,550.469727,1477800,552.327637,0,Tuesday,52
31-12-2013,552.526367,556.878052,549.555664,2733400,556.734009,1,Tuesday,53
02-01-2014,554.125916,555.26355,550.549194,3666400,552.963501,0,Thursday,1
08-01-2014,569.297241,569.953003,562.983337,4514100,566.927673,1,Wednesday,2
15-01-2014,572.769714,573.768188,568.199402,3925700,570.598816,0,Wednesday,3
22-01-2014,579.535706,580.17157,575.68573,3163200,578.745789,1,Wednesday,4
29-01-2014,555.944092,557.25061,546.157776,4790600,549.883545,0,Wednesday,5
05-02-2014,567.995728,571.66687,560.365356,4820000,567.906311,1,Wednesday,6
12-02-2014,590.658325,591.15509,586.872986,3471300,589.510803,0,Wednesday,7
19-02-2014,598.755676,600.703003,594.880859,4234500,597.285217,0,Wednesday,8
26-02-2014,608.045227,610.469482,602.958313,3990000,606.142639,1,Wednesday,9
05-03-2014,603.599182,607.588196,601.790955,2486500,605.193787,1,Wednesday,10
12-03-2014,594.334412,600.022461,588.26886,3954000,599.749207,1,Wednesday,11
19-03-2014,601.98468,602.079041,593.345886,3246700,595.750244,0,Wednesday,12
26-03-2014,577.250549,581.999634,562.094116,5193400,562.327576,0,Wednesday,13
02-04-2014,596.708984,601.522522,559.115662,147500,563.899353,0,Wednesday,14
09-04-2014,556.559753,562.27832,549.926208,3339900,561.054993,1,Wednesday,15
16-04-2014,540.03064,553.954041,537.046997,4906600,553.496582,1,Wednesday,16
23-04-2014,530.870972,530.950562,523.372192,2057900,524.058472,0,Wednesday,17
30-04-2014,524.714844,525.112671,519.662598,1755900,523.779968,0,Wednesday,18
07-05-2014,512.969421,513.854553,500.547729,3233200,507.171295,0,Wednesday,19
14-05-2014,530.085327,530.085327,522.41748,1195000,523.77002,0,Wednesday,20
21-05-2014,529.98584,536.234497,529.001282,1199500,535.992798,1,Wednesday,21
28-05-2014,561.482666,564.734802,557.93219,1656500,558.608459,0,Wednesday,22
04-06-2014,538.538818,545.609924,535.803833,1821400,541.681519,0,Wednesday,23
11-06-2014,554.948608,556.818298,551.984863,1103100,555.783997,0,Wednesday,24
18-06-2014,541.880432,550.532898,541.025146,1746500,550.343933,1,Wednesday,25
25-06-2014,562.168884,576.788513,562.129089,1974700,575.485657,1,Wednesday,26
02-07-2014,580.159973,582.238525,577.216125,1059200,579.150513,0,Wednesday,27
09-07-2014,568.454346,573.566223,566.26239,1119800,572.929749,1,Wednesday,28
16-07-2014,584.784546,585.182373,579.016235,1400900,579.473755,0,Wednesday,29
23-07-2014,589.985962,594.580688,589.259949,1236500,592.720886,1,Wednesday,30
30-07-2014,583.342468,586.276367,580.806396,1019200,584.207703,1,Wednesday,31
06-08-2014,558.707947,567.579163,556.937683,1338000,563.276794,1,Wednesday,32
13-08-2014,564.207703,571.855652,562.656189,1443200,571.636841,1,Wednesday,33
20-08-2014,582.676147,583.491638,579.384216,1039500,581.293762,0,Wednesday,34
27-08-2014,574.11322,575.326538,566.985413,1708000,567.877502,0,Wednesday,35
03-09-2014,576.828308,579.801941,571.855652,1218400,574.779541,1,Wednesday,36
10-09-2014,578.320068,580.309143,573.785034,980000,579.911316,1,Wednesday,37
17-09-2014,576.838257,584.30719,575.609985,1697400,581.572205,1,Wednesday,38
24-09-2014,578.280273,586.40564,577.345459,1732800,584.774597,1,Wednesday,39
01-10-2014,572.860107,574.421509,563.909302,1449400,565.162415,0,Wednesday,40
08-10-2014,562.477173,570.74176,554.441406,1996300,569.369324,1,Wednesday,41
15-10-2014,528.106201,529.886414,515.465698,3729500,527.131531,0,Wednesday,42
22-10-2014,526.99231,536.848145,525.908264,2927200,529.796875,1,Wednesday,43
29-10-2014,546.992371,551.159424,543.988831,1775400,546.325989,1,Wednesday,44
05-11-2014,553.755127,553.755127,541.07489,2037800,542.934631,0,Wednesday,45
12-11-2014,547.380188,547.449829,542.188782,1132700,544.317078,0,Wednesday,46
19-11-2014,532.074341,535.296631,527.181274,1396000,534.053467,1,Wednesday,47
26-11-2014,537.922241,538.588562,534.105225,1527100,537.414978,0,Wednesday,48
03-12-2014,528.533813,533.064941,526.365784,1281400,528.41449,0,Wednesday,49
10-12-2014,530.164856,533.397095,522.685974,1716900,523.183228,0,Wednesday,50
17-12-2014,494.282166,504.227478,494.093201,2891000,502.129028,1,Wednesday,51
24-12-2014,527.608948,528.851074,524.138,707800,525.878418,0,Wednesday,52
31-12-2014,528.344849,529.6875,522.924683,1372000,523.521423,0,Wednesday,53
02-01-2015,526.114746,528.362366,521.231628,1447600,521.937744,0,Friday,1
08-01-2015,495.264526,500.724487,488.312805,3353600,499.928864,1,Thursday,2
15-01-2015,502.80304,502.912445,495.035797,2715800,499.043732,1,Thursday,3
22-01-2015,518.625977,533.394714,516.855713,2676900,531.465332,1,Thursday,4
29-01-2015,508.203339,508.292847,498.45697,4186400,507.865204,1,Thursday,5
05-02-2015,520.92334,525.607544,519.232666,1849800,524.692566,1,Thursday,6
12-02-2015,534.309692,541.838257,531.746765,1620200,539.958557,1,Thursday,7
19-02-2015,535.097717,540.140015,535.067932,991800,539.901306,1,Thursday,8
26-02-2015,540.237061,553.096313,538.536377,2311500,552.43988,1,Thursday,9
05-03-2015,571.872925,574.747131,570.27179,1389600,572.181274,1,Thursday,10
12-03-2015,550.480652,553.325012,547.447388,1389600,552.469727,1,Thursday,11
19-03-2015,556.328491,557.730774,553.101257,1197300,554.936157,0,Thursday,12
26-03-2015,554.53833,555.841187,547.636353,1572600,552.131592,0,Thursday,13
02-04-2015,537.889954,537.889954,530.925293,1716400,532.59906,0,Thursday,14
09-04-2015,538.06897,538.983948,532.559326,1557900,537.820374,0,Thursday,15
16-04-2015,526.999878,532.658752,526.711487,1299900,530.87854,1,Thursday,16
23-04-2015,538.039124,547.944641,537.273376,4184900,544.006287,1,Thursday,17
30-04-2015,547.869995,548.590027,535.049988,2082200,537.340027,0,Thursday,18
07-05-2015,523.98999,533.460022,521.75,1546300,530.700012,1,Thursday,19
14-05-2015,533.77002,539,532.409973,1403900,538.400024,1,Thursday,20
21-05-2015,537.950012,543.840027,535.97998,1462700,542.51001,1,Thursday,21
28-05-2015,538.01001,540.609985,536.25,1029800,539.780029,0,Thursday,22
04-06-2015,537.76001,540.590027,534.320007,1348300,536.700012,0,Thursday,23
11-06-2015,538.424988,538.97998,533.02002,1217500,534.609985,0,Thursday,24
18-06-2015,531,538.150024,530.789978,1833100,536.72998,1,Thursday,25
25-06-2015,538.869995,540.900024,535.22998,1335700,535.22998,0,Thursday,26
02-07-2015,521.080017,524.650024,521.080017,1235900,523.400024,1,Thursday,27
09-07-2015,523.119995,523.77002,520.349976,1842300,520.679993,1,Thursday,28
16-07-2015,565.119995,580.679993,565,4768300,579.849976,1,Thursday,29
23-07-2015,661.27002,663.630005,641,3029100,644.280029,0,Thursday,30
30-07-2015,630,635.219971,622.049988,1474200,632.590027,1,Thursday,31
06-08-2015,645,645.379028,632.25,1572600,642.679993,0,Thursday,32
13-08-2015,659.322021,664.5,651.661011,1810700,656.450012,0,Thursday,33
20-08-2015,655.460022,662.98999,642.900024,2855300,646.830017,0,Thursday,34
27-08-2015,639.400024,643.590027,622,3491300,637.609985,1,Thursday,35
03-09-2015,617,619.710022,602.820984,1759600,606.25,0,Thursday,36
10-09-2015,613.099976,624.159973,611.429993,1905300,621.349976,1,Thursday,37
17-09-2015,637.789978,650.900024,635.02002,2274700,642.900024,1,Thursday,38
24-09-2015,616.640015,627.320007,612.400024,2240100,625.799988,1,Thursday,39
01-10-2015,608.369995,612.090027,599.849976,1867600,611.289978,1,Thursday,40
08-10-2015,641.359985,644.450012,625.559998,2182100,639.159973,0,Thursday,41
15-10-2015,654.659973,663.130005,654.460022,1885700,661.73999,1,Thursday,42
22-10-2015,646.700012,657.799988,644.01001,4071000,651.789978,1,Thursday,43
29-10-2015,710.5,718.26001,710.01001,1454100,716.919983,1,Thursday,44
05-11-2015,729.469971,739.47998,729.469971,1861600,731.25,1,Thursday,45
12-11-2015,731,737.799988,728.64502,1837200,731.22998,0,Thursday,46
19-11-2015,738.73999,742,737.429993,1327100,738.409973,0,Thursday,47
27-11-2015,748.460022,753.409973,747.48999,838500,750.26001,1,Friday,48
03-12-2015,766.01001,768.994995,745.630005,2590600,752.539978,0,Thursday,49
10-12-2015,752.849976,755.849976,743.830017,1984900,749.460022,0,Thursday,50
17-12-2015,762.419983,762.679993,749,1553400,749.429993,0,Thursday,51
24-12-2015,749.549988,751.349976,746.619995,527200,748.400024,0,Thursday,52
31-12-2015,769.5,769.5,758.340027,1500900,758.880005,0,Thursday,53
04-01-2016,743,744.059998,731.257996,3272800,741.840027,0,Monday,1
08-01-2016,731.450012,733.22998,713,2450900,714.469971,0,Friday,2
15-01-2016,692.289978,706.73999,685.369995,3608100,694.450012,0,Friday,3
22-01-2016,723.599976,728.130005,720.120972,2011800,725.25,1,Friday,4
29-01-2016,731.530029,744.98999,726.799988,3474300,742.950012,1,Friday,5
05-02-2016,703.869995,703.98999,680.150024,5105700,683.570007,0,Friday,6
12-02-2016,690.26001,693.75,678.599976,2141400,682.400024,0,Friday,7
19-02-2016,695.030029,703.080994,694.049988,1589300,700.909973,1,Friday,8
26-02-2016,708.580017,713.429993,700.859985,2243500,705.070007,0,Friday,9
04-03-2016,714.98999,716.48999,706.02002,1972100,710.890015,0,Friday,10
11-03-2016,720,726.919983,717.125,1970800,726.820007,1,Friday,11
18-03-2016,741.859985,742,731.830017,2980700,737.599976,0,Friday,12
28-03-2016,736.789978,738.98999,732.5,1301300,733.530029,0,Monday,13
01-04-2016,738.599976,750.340027,737,1576700,749.909973,1,Friday,14
08-04-2016,743.969971,745.450012,735.549988,1290800,739.150024,0,Friday,15
15-04-2016,753.97998,761,752.69397,1809300,759,1,Friday,16
22-04-2016,726.299988,736.119995,713.609985,5951900,718.77002,0,Friday,17
29-04-2016,690.700012,697.619995,689,2487700,693.01001,1,Friday,18
06-05-2016,698.380005,711.859985,698.106995,1829300,711.119995,1,Friday,19
13-05-2016,711.929993,716.661987,709.26001,1314500,710.830017,0,Friday,20
20-05-2016,701.619995,714.580017,700.52002,1828400,709.73999,1,Friday,21
27-05-2016,724.01001,733.935974,724,1975000,732.659973,1,Friday,22
03-06-2016,729.27002,729.48999,720.559998,1226300,722.340027,0,Friday,23
10-06-2016,719.469971,725.890015,716.429993,1216400,719.409973,0,Friday,24
17-06-2016,708.650024,708.820007,688.452026,3402400,691.719971,0,Friday,25
24-06-2016,675.169983,689.400024,673.450012,4449000,675.219971,0,Friday,26
01-07-2016,692.200012,700.650024,692.130005,1344700,699.210022,1,Friday,27
08-07-2016,699.5,705.710022,696.434998,1575200,705.630005,1,Friday,28
15-07-2016,725.72998,725.73999,719.054993,1279300,719.849976,0,Friday,29
22-07-2016,741.859985,743.23999,736.559998,1259800,742.73999,1,Friday,30
29-07-2016,772.710022,778.549988,766.77002,3841500,768.789978,1,Friday,31
05-08-2016,773.780029,783.039978,772.340027,1801200,782.219971,1,Friday,32
12-08-2016,781.5,783.39502,780.400024,740500,783.219971,0,Friday,33
19-08-2016,775,777.099976,773.130005,861500,775.419983,0,Friday,34
26-08-2016,769,776.080017,765.849976,1166700,769.539978,1,Friday,35
02-09-2016,773.01001,773.919983,768.409973,1072700,771.460022,1,Friday,36
09-09-2016,770.099976,773.244995,759.659973,1885500,759.659973,0,Friday,37
16-09-2016,769.75,769.75,764.659973,2049300,768.880005,0,Friday,38
23-09-2016,786.590027,788.929993,784.150024,1411900,786.900024,0,Friday,39
30-09-2016,776.330017,780.940002,774.090027,1585300,777.289978,1,Friday,40
07-10-2016,779.659973,779.659973,770.75,933200,775.080017,0,Friday,41
14-10-2016,781.650024,783.950012,776,852500,778.530029,1,Friday,42
21-10-2016,795,799.5,794,1266200,799.369995,1,Friday,43
28-10-2016,808.349976,815.48999,793.590027,4269900,795.369995,1,Friday,44
04-11-2016,750.659973,770.359985,750.560974,2134800,762.02002,0,Friday,45
11-11-2016,756.539978,760.780029,750.380005,2431800,754.02002,0,Friday,46
18-11-2016,771.369995,775,760,1547100,760.539978,0,Friday,47
25-11-2016,764.26001,765,760.52002,587400,761.679993,1,Friday,48
02-12-2016,744.590027,754,743.099976,1452500,750.5,1,Friday,49
09-12-2016,780,789.429993,779.020996,1821900,789.289978,1,Friday,50
16-12-2016,800.400024,800.856018,790.289978,2428300,790.799988,0,Friday,51
23-12-2016,790.900024,792.73999,787.280029,623400,789.909973,0,Friday,52
30-12-2016,782.75,782.780029,770.409973,1770000,771.820007,0,Friday,53
03-01-2017,778.809998,789.630005,775.799988,1657300,786.140015,1,Tuesday,1
09-01-2017,806.400024,809.966003,802.830017,1272400,806.650024,1,Monday,2
17-01-2017,807.080017,807.140015,800.369995,1355800,804.609985,0,Tuesday,3
23-01-2017,807.25,820.869995,803.73999,1963600,819.309998,1,Monday,4
30-01-2017,814.659973,815.840027,799.799988,3246600,802.320007,0,Monday,5
06-02-2017,799.700012,801.669983,795.25,1184500,801.340027,0,Monday,6
13-02-2017,816,820.958984,815.48999,1213300,819.23999,1,Monday,7
21-02-2017,828.659973,833.450012,828.349976,1262300,831.659973,1,Tuesday,8
27-02-2017,824.549988,830.5,824,1101500,829.280029,1,Monday,9
06-03-2017,826.950012,828.880005,822.400024,1109000,827.780029,0,Monday,10
13-03-2017,844,848.684998,843.25,1223600,845.539978,1,Monday,11
20-03-2017,850.01001,850.219971,845.150024,1231500,848.400024,0,Monday,12
27-03-2017,806.950012,821.630005,803.369995,1894300,819.51001,1,Monday,13
03-04-2017,829.219971,840.849976,829.219971,1671500,838.549988,1,Monday,14
10-04-2017,825.390015,829.349976,823.77002,978900,824.72998,1,Monday,15
17-04-2017,825.01001,837.75,824.469971,895000,837.169983,1,Monday,16
24-04-2017,851.200012,863.450012,849.859985,1372500,862.76001,1,Monday,17
01-05-2017,901.940002,915.679993,901.450012,2116000,912.570007,1,Monday,18
08-05-2017,926.119995,936.924988,925.26001,1329800,934.299988,1,Monday,19
15-05-2017,932.950012,938.25,929.340027,1108100,937.080017,1,Monday,20
22-05-2017,935,941.882996,935,1120400,941.859985,1,Monday,21
30-05-2017,970.309998,976.200012,969.48999,1466700,975.880005,1,Tuesday,22
05-06-2017,976.549988,986.909973,975.099976,1252100,983.679993,1,Monday,23
12-06-2017,939.559998,949.35498,915.232971,3763500,942.900024,0,Monday,24
19-06-2017,949.960022,959.98999,949.049988,1533300,957.369995,1,Monday,25
26-06-2017,969.900024,973.309998,950.789978,1598400,952.27002,0,Monday,26
03-07-2017,912.179993,913.940002,894.789978,1709800,898.700012,0,Monday,27
10-07-2017,921.77002,930.380005,919.590027,1192800,928.799988,1,Monday,28
17-07-2017,957,960.73999,949.241028,1165500,953.419983,0,Monday,29
24-07-2017,972.219971,986.200012,970.77002,3248300,980.340027,1,Monday,30
31-07-2017,941.890015,943.590027,926.039978,1970100,930.5,0,Monday,31
07-08-2017,929.059998,931.700012,926.5,1032200,929.359985,1,Monday,32
14-08-2017,922.530029,924.66803,918.190002,1064500,922.669983,1,Monday,33
21-08-2017,910,913,903.400024,943400,906.659973,0,Monday,34
28-08-2017,916,919.244995,911.869995,1086500,913.809998,0,Monday,35
05-09-2017,933.080017,937,921.960022,1326400,928.450012,0,Tuesday,36
11-09-2017,934.25,938.380005,926.919983,1267000,929.080017,1,Monday,37
18-09-2017,920.01001,922.080017,910.599976,1306900,915,0,Monday,38
25-09-2017,925.450012,926.400024,909.700012,1856800,920.969971,0,Monday,39
02-10-2017,959.97998,962.539978,947.840027,1283400,953.27002,0,Monday,40
09-10-2017,980,985.424988,976.109985,891400,977,0,Monday,41
16-10-2017,992.099976,993.906982,984,910500,992,1,Monday,42
23-10-2017,989.52002,989.52002,966.119995,1478400,968.450012,0,Monday,43
30-10-2017,1014,1024.969971,1007.5,2085100,1017.109985,0,Monday,44
06-11-2017,1028.98999,1034.869995,1025,1125200,1025.900024,0,Monday,45
13-11-2017,1023.419983,1031.579956,1022.570007,885800,1025.75,0,Monday,46
20-11-2017,1020.26001,1022.609985,1017.5,953500,1018.380005,0,Monday,47
27-11-2017,1040,1055.459961,1038.439941,1307900,1054.209961,1,Monday,48
04-12-2017,1012.659973,1016.099976,995.570007,1906400,998.679993,0,Monday,49
11-12-2017,1035.5,1043.800049,1032.050049,1192800,1041.099976,1,Monday,50
18-12-2017,1066.079956,1078.48999,1062,1554600,1077.140015,1,Monday,51
26-12-2017,1058.069946,1060.119995,1050.199951,760600,1056.73999,0,Tuesday,52
02-01-2018,1048.339966,1066.939941,1045.22998,1237600,1065,1,Tuesday,1
08-01-2018,1102.22998,1111.27002,1101.619995,1047600,1106.939941,1,Monday,2
16-01-2018,1132.51001,1139.910034,1117.832031,1575300,1121.76001,0,Tuesday,3
22-01-2018,1137.48999,1159.880005,1135.109985,1618000,1155.810059,1,Monday,4
29-01-2018,1176.47998,1186.890015,1171.97998,1378900,1175.579956,0,Monday,5
05-02-2018,1090.599976,1110,1052.030029,3798300,1055.800049,0,Monday,6
12-02-2018,1048,1061.5,1040.927979,2057700,1051.939941,1,Monday,7
20-02-2018,1090.569946,1113.949951,1088.52002,1423100,1102.459961,1,Tuesday,8
26-02-2018,1127.800049,1143.959961,1126.694946,1559100,1143.75,1,Monday,9
05-03-2018,1075.140015,1097.099976,1069,1202200,1090.930054,1,Monday,10
12-03-2018,1163.849976,1177.050049,1157.420044,2172300,1164.5,1,Monday,11
19-03-2018,1120.01001,1121.98999,1089.01001,2805900,1099.819946,0,Monday,12
26-03-2018,1046,1055.630005,1008.400024,2665100,1053.209961,1,Monday,13
